{
  "meta" : {
    "comment" : "Weights are not normalised",
    "created" : "2016-03-08T03:53:28.914"
  },
  "generation" : 14,
  "tolerance" : 20239913809862220,
  "particles" : {
    "TstSens" : [ 0.3822156104165454, 0.30432046907045424, 0.3251080839896451, 0.7673519753501158, 0.2723300727589539, 0.7783845422709443, 0.6045527753847916, 0.43418250210895093, 0.37976448057416823, 0.23567264297638796, 0.3032767464360345, 0.40758107677424, 0.47381676980140847, 0.41511572609780956, 0.2879849466399041, 0.6672065628294112, 0.0923377684580689, 0.2831455998445486, 0.25521210782731873, 0.5532270211244644, 0.22430020332448358, 0.44219525614577004, 0.34637287163709773, 0.5546695178885526, 0.31994359357105934, 0.307988180697758, 0.2519095229805759, 0.6133231294834428, 0.28718225780689277, 0.2324557581252204, 0.9397698031284125, 0.3788329523854673, 0.1865819077379632, 0.3862646414309467, 0.13937954929628965, 0.23103802737493845, 0.298853684877187, 0.18902936260253173, 0.24434882497103422, 0.3388820468516195, 0.2830349064583785, 0.893332675414616, 0.698874092531611, 0.2759339291981293, 0.1556457823435573, 0.36315443361408073, 0.4390421824287286, 0.04791766272469783, 0.4731386304777562, 0.32117962132584893, 0.1879187639787519, 0.4729584498718621, 0.14739445852398797, 0.33181107496198803, 0.2182802518640964, 0.9445097753868403, 0.26431335158417135, 0.2046236918371585, 0.25453486684070536, 0.4786346871188826, 0.3930381744153892, 0.27852170376102103, 0.42520171639410587, 0.5664331062680861, 0.8030368790514847, 0.37110053665722087, 0.3120785329932174, 0.8107422041265188, 0.2566180489880358, 0.8014940871152639, 0.17563796110930152, 0.17683278280282969, 0.435589240396417, 0.10477766416896947, 0.2523610120995191, 0.3321657200063077, 0.5542522678630472, 0.37482215525482077, 0.724605679698004, 0.07118305905369715, 0.38767280093457884, 0.4373240122699128, 0.3211244244545032, 0.8948808716753002, 0.395360505928822, 0.3651927124682333, 0.3458418542331598, 0.40151779539007415, 0.7148666940510284, 0.23405111216824198, 0.3575262232778032, 0.3607185913998682, 0.22760831170659274, 0.45508378717697895, 0.36578372132398557, 0.2262110982187524, 0.30499436977777516, 0.20073152893191393, 0.9508988457549961, 0.7263656619805321 ],
    "weight" : [ 2.9038586E-25, 6.101478E-24, 1.2062387E-24, 5.4029027E-23, 1.3385299E-25, 5.7704219E-24, 1.8731205E-23, 3.3982881E-25, 1.1015898E-23, 9.315547E-25, 6.042556E-25, 1.1911961E-24, 1.9149458E-24, 1.6338915E-25, 6.2399274E-25, 1.0858635E-23, 6.4650147E-24, 9.3440341E-26, 1.0583559E-25, 1.3931552E-21, 7.171165E-25, 7.0154233E-24, 3.4526556E-25, 3.6744138E-24, 4.4148814E-23, 3.0415331E-25, 1.1200192E-25, 2.6528877E-23, 7.7066708E-26, 9.7672113E-25, 1.5453519E-24, 1.2553741E-25, 6.3020986E-24, 1.2950401E-25, 4.1924182E-25, 1.739126E-24, 1.6747032E-25, 9.6391372E-24, 1.7224412E-23, 1.9158591E-24, 3.1987194E-25, 1.5681846E-23, 1.3928135E-23, 7.2098718E-25, 1.2542795E-24, 1.0926384E-25, 3.6593415E-25, 1.8750081E-23, 2.7776776E-24, 1.4938826E-24, 1.7469683E-23, 1.2720079E-24, 1.1745091E-23, 8.9155183E-26, 1.9693486E-25, 4.5540926E-24, 1.262089E-25, 5.4540209E-25, 2.815828E-25, 1.9751894E-24, 2.5811452E-25, 1.1614825E-25, 5.4803666E-25, 4.4223652E-23, 1.4325902E-23, 3.2920013E-25, 3.5087944E-25, 1.65442E-23, 3.1828714E-25, 2.2461724E-22, 9.4285993E-25, 1.1176656E-24, 5.1027082E-25, 6.0022155E-25, 3.973991E-26, 3.5623569E-25, 5.6544858E-23, 3.4163819E-23, 1.7833567E-23, 1.8692652E-24, 4.4792286E-25, 7.5797628E-25, 3.8266356E-25, 3.446586E-24, 1.3595317E-25, 7.3065618E-25, 2.5332118E-25, 2.3504306E-23, 3.0304846E-23, 1.525716E-25, 3.5175923E-25, 2.668755E-25, 3.7086562E-25, 5.1139297E-25, 6.0478979E-25, 1.0396529E-24, 1.346323E-25, 1.5593256E-24, 2.2526734E-23, 1.9214971E-23 ],
    "FarmEnv" : [ 0.00047301469849076583, 0.00022430885958642628, 0.0005596607073008964, 0.00021779246717436985, 0.00042419961264950317, 0.00023707365910550208, 0.00008589572765998246, 0.0003694079773640791, 0.00017617060740862217, 0.0004376679848953957, 0.00045945259653719123, 0.0004637179278768154, 0.0006414599307816936, 0.0004546952191173866, 0.0005250634305862016, 0.0002222872675473275, 0.00041851490218744507, 0.000642016457864266, 0.0005694578844612187, 0.0003596313599339865, 0.00031765548893653955, 0.0002290492231200083, 0.00047224307809145736, 0.00038042264379488453, 0.0005694864055332192, 0.00029782339876851686, 0.0007305467210396096, 0.00013173992986846437, 0.0005262351018256768, 0.0004588655605575325, 0.0005925388451973572, 0.000575524138852013, 0.0004022950104829603, 0.0004392843336598885, 0.00047780378034621685, 0.0007143639426275869, 0.0006051460201295617, 0.00015183829319818232, 0.0006946737471969799, 0.00043830479416373525, 0.0003763549799100512, 0.00008491843810789057, 0.00025708765878922594, 0.00016583145899429956, 0.00030400653645391477, 0.0005260510159352908, 0.0006496910020752919, 0.00021784569379943672, 0.0005326778518355202, 0.0002519291976531403, 0.00006056621139545525, 0.00038123491649582844, 0.00009022212809378996, 0.0006027814838994909, 0.00036799541975514257, 0.000015343261057353135, 0.0007264422810732237, 0.0006769676737621318, 0.000527874546566335, 0.00045616377409723547, 0.0006432848108311768, 0.0008216072419976925, 0.0004518332844764322, 0.000023213994279764806, 0.00018289785544102082, 0.0008488764573148907, 0.0007920951151219148, 0.00014935004461193884, 0.0007012191924190949, 0.0000225945788069425, 0.00027551478463462315, 0.00025695304079665206, 0.00028534263850564235, 0.0006277821864702323, 0.0005806867729524107, 0.0002632030933807899, 0.000043281776615422166, 0.00017043827833546955, 0.000021057444861439405, 0.00043279252309246364, 0.0005378257493571305, 0.000377551632529464, 0.00045098710479905726, 0.0005252961518387927, 0.0006447614236690672, 0.0006207184653815711, 0.0003943816346838174, 0.00004816143419291319, 0.00015910994685973891, 0.0005299919503805173, 0.0002739546246323542, 0.0006644840458929889, 0.0004657994693587661, 0.00046747186457103874, 0.0005883791080726104, 0.0005613786300787847, 0.0005927786094873481, 0.0007350565304105686, 0.0006700928903759728, 0.0004690538424065024 ],